{"cameraMode":{"drawMode":0,"name":"Shaded","section":"Shading Mode"},"sceneLighting":true,"audioPlay":false,"sceneViewState":{"showFog":true,"showMaterialUpdate":false,"showSkybox":true,"showFlares":true,"showImageEffects":true,"showParticleSystems":true},"in2DMode":false,"pivot":{"x":0.23235353827476502,"y":0.6179216504096985,"z":-0.1081550121307373},"rotation":{"x":-0.11565299332141876,"y":0.05658579617738724,"z":0.006599328480660915,"w":0.9916562438011169},"size":1.7660253047943116,"orthographic":false}